comment_id,text,likeCount,publishedAt,authorDisplayName
UgzQKcZbRJK1jwPDb8l4AaABAg,Modi Gi 6-0 me aza Aya 😂😂😂,0,2025-10-13T02:17:46Z,@NasirAbbas-c2s
UgzGKLVopssmCUweGJp4AaABAg,Agar aisi baat hai Na to jo bhi mobile mein video video ke kuchh paise nahin aane chahie agar main kya bol raha hun ki agar Teri jaanta itna hua hai to,0,2025-10-01T13:17:00Z,@TajendraSinghPanwar
UgxLDXGiJ0Nl69RHJbZ4AaABAg,Achcha to yah main kya bol raha hun ki jab aapko pata hai ki vah aatankwadi milte Hain to abhi bhi abhi Vivah se iska hata do na Apne jitne aadami hai tumhare vahan se FIR nahin ho sakta hai aisa kya,0,2025-10-01T13:15:56Z,@TajendraSinghPanwar
UgwNFUXczthOAGwtd_h4AaABAg,LAXMAN NAIDU DAUGHTER KILLED OWN BROTHER FOR PROPERTY IN MAHABALESHWAR HOTEL LAXMI MAHABALESHWAR 0:02 0:02,0,2025-09-30T12:22:16Z,@SANTOSHNaidu-g2h
UgzJBAYxKA177td2iOR4AaABAg,Sarkar ko chahiye hinduo ko hatyar issue karo apni suraksha ke liye,0,2025-09-27T18:16:38Z,@bharatinegy91
UgxVDxZ9LEsyYlfC2SJ4AaABAg,Seeking like a dog😂😂😂😂,0,2025-09-20T15:12:29Z,@wastiboy
UgwuC3ItJj96jGd99aZ4AaABAg,Tune hi to murder karwaya hai be  Modi  hijde ki Aulaad Ab baat palat Raha hai  mai sab thik kar dunga pulwama attack ka kya hua modi ne hi marwaya hai  400 kg RDX KAHA SE aya be  modi,0,2025-09-16T14:01:27Z,@a.khan....9343
UgwFMNyHvzHXt55a0dN4AaABAg,The Man who speaks and Did his Job very well....this is not Congress This is BJB.....,3,2025-09-15T14:25:45Z,@Rajvardhan-z4e
UgxP5-RyEw8aChrBvEF4AaABAg,aarti sy over oven,0,2025-08-27T15:27:52Z,@AshokKumar-ll8no
UgxfZW1oGOsJjpW6pQl4AaABAg,29 amazing👍# butiy jmen Sibovile liy piprahi prvt inbya long en open the world ac rebeng jmen Sibovile liy,0,2025-08-27T15:27:11Z,@AshokKumar-ll8no
UgypZ8P0nYuE8dtjHkN4AaABAg,Mujhe India,0,2025-08-23T05:12:16Z,@Sunuhag
UgwwrOQwDIYd8_6-zPR4AaABAg,Hamara Bharat ka beti ne mara beta maarta tha aur gand Lal ho jata Pakistan ka,0,2025-08-18T14:49:05Z,@RamkirtanRamkrishna
UgyE3Wpl2nUK2XzALnh4AaABAg,Teri dai 14 tu Desh ka mantri hai pradhanmantri hai hamara Bharat mein hinsa paida karke mara to jakar apna dahini choda tha Pakistan ko aur 50 border ko uda dena tha uska paar ka,0,2025-08-18T14:48:49Z,@RamkirtanRamkrishna
Ugw37IqwXu_wcb8mAyh4AaABAg,Rejin. Reghu. Nya Sagai karanji. Ji. Rejin. Reghu. 🙏🙏🙏🙏🙏🙏🙏🙏🙏,0,2025-08-14T13:16:52Z,@RejinReghu
UgxA7pUJxU0XHc6NEEh4AaABAg,"মোদি আপ প্রধানমন্ত্রী হ্যাঁ, হিসাব আপকো দেনা পারেগা, হাম লোক ভারতীয় নাগরিক, হিসাব মোদি সে , নিবো, নরেন্দ্র মোদি জিন্দাবাদ, ভারত মাতা কি জয়",1,2025-08-05T03:59:23Z,@RanjanBarman-w5t
UgxjAUukzzQ_t-d49zF4AaABAg,@ narendra modi ji prime Minister of india send snigdha mehra in jail arrest her because she is a criminal apradi hay yeh aorat snigdha mehra esliye girifthar karo snigdha mehra ko put snigdha mehra in jail hisank hay snigdha mehra mujhe mar Rahi hay,0,2025-07-26T16:41:49Z,@Hallo-x9l5h
UgyqWqr1wrdmaExE4P94AaABAg,Mamsdf. Mamsdf. Mamsdf,0,2025-07-26T04:39:49Z,@PreetiMahindra-w7i
UgwiAGX5fxnvUaE-eIl4AaABAg,"Modi like Netanyahu has dissolved absolute hatred for Muslims in his people so when they kill them,their sense of RIGHT and WRONG is abolished.",0,2025-07-25T07:33:31Z,@ar1818-l7x
Ugy9m4POKiavu3D8AoZ4AaABAg,Donal Trump a friend of India 😂😂😂,0,2025-07-18T10:20:08Z,@SchoolBoy-q4c
Ugx7GXxUNQDr6sZ5het4AaABAg,JAMIA MILLIA ISLAMIA NEW DELHI INDIA UNDERWATCH OF MADAM MELONIA TRUMP ENTIRELY DIFFERENT TYPES AND SAMEER ANAND URF SETU BHAIYA TAUJI KE BETE AAP ISS JANE KE TAYARI KARIYE APKO PMNARENDRAMODIJI KI GUIDANCE MEIN AKELE DARK ROOM MEIN BETHKR OUTER SPACE KI SHAITANI ROOHANI EVILS SPIRAL SE BAAT KRNI HAI❤,0,2025-07-17T05:38:03Z,@kajalsaxena-o5n
Ugwh4PbBH-MyjD6ztW94AaABAg,"JYOTIRADITYA SINDHIYA AGRICULTURE MINISTER INDIA HUSBAND OF NIHARIKA SAXENA URF SETU BHAIYA TAUJI KE BETE KI BAHANA AAP KING HAMESHA SE THE SIR AAPKO ISS SE KYA CHAHIYE THA APNE KUCH NHI CHORA , MUJHPE EXTREME RADIATION AB PHIRSE START KRVADIYE , HAR HARKAT SHAITANI KHURAFAT PR PURE GLOBE 🌎 KI NAZAR HAI AP SABKI❤",0,2025-07-17T05:34:42Z,@kajalsaxena-o5n
Ugw_3M94MzlK1vgycx54AaABAg,MERA BHAI SUNY SAKSHI SAXENA KA HAI VO GHAR VO GHAR AP CHOR DIJIYEGA APKI BADI MEHRBANI HOGI,0,2025-07-17T05:31:12Z,@kajalsaxena-o5n
UgyG3TTBifMFnb8ot_t4AaABAg,SIR APKO RAMPUR KA MAKA NO 323 RAFAT SCHOOL JWALA NAGAR RAMPUR UTTAR PRADESH INDIA CHAHIYE THA VISHWAS NHI HOTA SAB KUCH APKA HITO THA SIR,0,2025-07-17T05:30:13Z,@kajalsaxena-o5n
Ugyx56I75HO2UZ9vzCV4AaABAg,ParamAadarniy Dr. Mahesh Sharma Mantriji ki jaiho,1,2025-07-15T08:09:54Z,@BharatSharma-c1v
UgzIJDEFvXBSdR5AWvd4AaABAg,Maananiy Modiji jindabad,1,2025-07-15T08:09:23Z,@BharatSharma-c1v
UgwFTcCR3mWSTrKH5ZN4AaABAg,Hindustaan jindabad,3,2025-07-15T08:08:45Z,@BharatSharma-c1v
Ugxc9zdW1-LlN-FkUBt4AaABAg,Jaiho Tirangay ki,1,2025-07-15T08:08:20Z,@BharatSharma-c1v
UgxCdmkUSO0akFP0BPd4AaABAg,Bjp jindabad,1,2025-07-15T08:07:59Z,@BharatSharma-c1v
UgzmzZHhlkgWcUT1TFN4AaABAg,ParamAadarniy Dr. Mahesh Sharma Mantriji jindabad,1,2025-07-15T08:07:43Z,@BharatSharma-c1v
UgwXR0OmAc1b5Fi4zT94AaABAg,Maananiy Modiji jindabad,1,2025-07-15T08:06:54Z,@BharatSharma-c1v
Ugz_cDp2HvW3Me0z4ZF4AaABAg,vote ki power ...wah..mere loin...,0,2025-07-10T16:00:59Z,@Mukeshjangra-jq7of
UgyyRijhLqvbmnWpDR14AaABAg,"When the Indian lion roars, the world listens",1,2025-07-04T11:44:29Z,@sidhantsinghi
Ugzsumy1kh8OYTvOZeB4AaABAg,నరేంద్ర మోడీ పరిపాలన శ్రీరాముని పాలన లాంటిది🎉 నరేంద్ర మోడీకి శ్రీరామరక్ష🎉 జైశ్రీరామ్,0,2025-06-28T10:18:59Z,@harinathjangala2595
UgwyS_DlrUvRgUJM-Ex4AaABAg,Modi Wave to talk to you so,1,2025-06-28T08:12:20Z,@sudhalakshmi5733
Ugy4-Bxg4sDX0lc6upV4AaABAg,Good night sir PM modi ji ❤❤❤❤❤❤❤❤❤ jai shree ram ram ram ram ram ram ram ram ram,0,2025-06-15T16:01:09Z,@ShailendraKumar-g9m
UgzDulYtJZ_w-ZU5O4R4AaABAg,Good night sir PM modi ji ❤❤❤❤❤❤❤❤❤ malik aapko koti koti naman malik me sakaraatmak hai aap par Devin univars per pura vishvas hai koi sevarth nahi hai malik aapko bahut bahut badhai shubhkamnaye malik aapko jo bhi acha lagta hai me tyar hai anushasan ke liye aur aapke sath hai malik aapko bahut bahut badhai shubhkamnaye jai hind radhe radhe jai shree krishna jai shree shyam jai shree ram ram ram ram ram ram ram ram ram,0,2025-06-13T16:13:27Z,@ShailendraKumar-g9m
Ugx_LRhyLq6lwMhTYvh4AaABAg,"THERE IS NO RELIGEON CALLED 👉HINDU👈

BRAMHINISM IS 👉OF THE BRAMHINS👈 👉BY THE BRAMHINS👈 AND 👉FOR THE BRAMHINS👈

GODS CAN BE ANY AND MANY BUT POOJARI OUGHT TO BE

👉ONLY BRAMHINS👈",0,2025-06-12T17:54:29Z,@Briganjo
Ugy38A8VJPVoI7GBk354AaABAg,"*Kalpana se bhi badi saza milegi*

Masur Ajgar ki family uda di 🔥",1,2025-06-11T22:25:47Z,@Jai_Maa_Bharti
UgyyzIU_tk97blpCdYF4AaABAg,Har har Modi Ghar ghar Yogi ji,0,2025-06-09T17:12:35Z,@vinodyadav-ls6gh
Ugx8IqpFp8MaMYXWrsB4AaABAg,Good morning sir PM modi ji ❤❤❤❤❤❤❤❤❤ jai shree ram ram ram ram ram ram ram ram ram,0,2025-06-09T00:21:37Z,@ShailendraKumar-g9m
Ugw11nQRrnADF8QB7bh4AaABAg,Stupid modi,0,2025-06-06T18:03:15Z,@hery1251
Ugz7ddw7m1I6axsU8LV4AaABAg,Good night sir PM modi ji ❤❤❤❤❤❤❤❤❤ jai shree ram ram ram ram ram ram ram ram ram,0,2025-06-05T17:11:02Z,@ShailendraKumar-g9m
UgxSL2MvqVOhGv8HYNl4AaABAg,Good morning sir PM modi ji ❤❤❤❤❤❤❤❤❤ jai shree ram ram ram ram ram ram ram ram ram,0,2025-06-04T23:48:03Z,@ShailendraKumar-g9m
UgyTSBzPQLYQZL9d2614AaABAg,Good night sir PM modi ji ❤❤❤❤❤❤❤❤❤ malik aapko koti koti naman sir please aapko bahut bahut badhai shubhkamnaye jai hind sir me sakaraatmak hai aap par Devin univars per pura vishvas hai malik aapko jo bhi acha lagta hai me tyar hai anushasan ke liye aur aapke sath hai sir me aapke sath hai malik aapko bahut bahut badhai shubhkamnaye jai hind sir please mujhe koi galti ho mujhe maaf kar Dena malik me viksit india ke kalpna karta hu aur aapke sath hai malik aapko bahut bahut badhai shubhkamnaye jai hind radhe radhe jai shree krishna jai shree shyam jai shree ram ram ram ram ram ram ram ram ram,0,2025-06-04T16:10:56Z,@ShailendraKumar-g9m
UgxsyCTwp5LvjO3qXod4AaABAg,1 woh pm the jo 26/11 ke baad rote the. 1 humare mahan modi ji he jo dushman ka sina uske ghar me ghus ke cheer dete he.Jai jawan jai kisan jai modi,3,2025-05-31T14:49:35Z,@Mukesh_shkumar_11_11
Ugxd36EksWUCRO5BbWB4AaABAg,"War against worldwide terrorism Sir.
Cooperation of the Nations of the world.
Cooperation of UN member states.
Possible zero terrorism on the Earth sir.",0,2025-05-31T09:08:14Z,@premkumarnayak1162
Ugy3G3v9Xluhj-dLJi54AaABAg,🇮🇳🇮🇳🇮🇳🇮🇳🇮🇳🌺🌺🌼🌺🌺🇮🇳🇮🇳🇮🇳🇮🇳🇮🇳🇮🇳 Bharatvarsh ki Jay,1,2025-05-29T18:22:29Z,@Jayshreeram-r6q7k
UgwF9QpgDFLEn9LlOX94AaABAg,Goomutar pinywalaaa,0,2025-05-29T15:05:00Z,@AbdurRehmanKhan-tv2lp
UgxMtcJ7JCAQzzeS3MN4AaABAg,Modi ji modil bad karvao,0,2025-05-28T13:52:40Z,@CdParmar-u5y
Ugxk3FBSN6j884EIbPh4AaABAg,🧠🗣️💥👩‍👩‍👦👈🏼👀🤦🏿🤳🏿🤷🏼🧎🏿👩‍👩‍👧‍👦👨‍👩‍👦👩‍👩‍👧👩‍👩‍👧👨‍👩‍👧‍👧👨‍👩‍👦‍👦👨‍👩‍👧‍👦👨‍👩‍👧‍👦👨‍👩‍👧‍👦👨‍❤️‍💋‍👨🤷🏻,0,2025-05-27T23:29:24Z,@AminUllah-h1u
UgycbilZ_7HntPwrxWl4AaABAg,😮😢🎉😂❤❤❤❤❤❤❤,0,2025-05-26T13:27:22Z,@MantuMandala-q1d
UgwxmgMTYiQcLjEgQ2l4AaABAg,P.M.Modi ji zindabad ❤️ 🙏,0,2025-05-26T00:33:39Z,@miraladdinhashmi2307
UgzYT1_2rxOnYDeHISt4AaABAg,💁🤼🤼🤼🤼💁🤼🤼🤼🤼🤼💁💁🤼🙋🇮🇳🙋😵💔😵,0,2025-05-25T21:50:56Z,@BismillahKhan-d3k5o
UgyAes9PO-ytOSzIknN4AaABAg,Hhhhhhh 😂😂😂😂😂,0,2025-05-25T19:44:55Z,@Zaid-h7w
UgwtnOr7PhWnUsViXS94AaABAg,Sab se bara jhutha modi,0,2025-05-25T07:32:22Z,@KashifmugalKashifmugal
Ugz34ky8UqBabLd5LiV4AaABAg,"Sir,
Godra sir almost 2000/- బుర్నిన్ and. cow more than human 😂

Why visa stoping?

Other రిలీజియన్స్ not involed in waqf బోర్డు.

సారీ sir..

గవర్నమెంట్ వెన్ will starting?",0,2025-05-21T03:40:45Z,@MunvarAli-c7c
UgwhmzV_yKb6Fn6wxz54AaABAg,Modi ji we love you❤ you are our father 🎉 I WISH U GOOD HEALTH N IMMENSE STRENGTH 🎉❤,0,2025-05-20T21:55:57Z,@sweetalkulkarni284
Ugz29mDWJ4KNREFpZjF4AaABAg,Tum resignation de do.,0,2025-05-20T13:27:45Z,@aparnashakti6309
UgxbLC2B-clYIlEOCfp4AaABAg,Mnafee❤,0,2025-05-19T21:59:37Z,@AmirHussain-d6s
UgywiGpAk7Htyg6ZV9F4AaABAg,PakArmy zindabad ❤ Pakistan zindabad ❤,0,2025-05-19T11:47:03Z,@CaddSaiy
UgwC7VZCjGOyX8oangJ4AaABAg,Bhagirath jhooth bole modi kutta 0:44,0,2025-05-19T11:46:09Z,@CaddSaiy
UgwoW37fmwsGUfZH7qV4AaABAg,english isliye bolla taki pak samaj nah paaya aur jab tak samjega tab tak taata byebye good bye gaya,0,2025-05-18T13:03:13Z,@DivyanshJain-t9p
Ugwv3JRLC4y3EepLTjN4AaABAg,❤❤❤❤❤❤❤❤👍👍👍👍👍👍👍👍👍,0,2025-05-17T18:25:51Z,@JaseemAkhtar-g9s
UgwqRI-PGX1m5NW_CS94AaABAg,Good,0,2025-05-17T18:25:34Z,@JaseemAkhtar-g9s
Ugx-Yb_k-k1YuN5Jped4AaABAg,"Modiji
You need to regulate bollywood 

And hindi shows especially hindi serials

They depict hindu families as evil and cruel
Tilak wearing peolle as evil or clowns 

This is subtle deviation to brainwash indians",0,2025-05-17T15:31:48Z,@Shivavishnubrahma
UgxEuf9ngMk5U9nind14AaABAg,He blamed Pakistan for This terrorist attack without any proof and evidence…. He shows thats he is against Muslims … AS a pakistan I highly condemn Pehalgam attack .. Allah un logo k ghar walo k saber dy jo pehalgam mai mary gay or Jo Pakistan mai India k terror missile sy mary gay,0,2025-05-17T08:51:59Z,@aminaali8934
UgyjGVg-_y0-0TEe_514AaABAg,Modiji❤❤❤,0,2025-05-17T05:24:52Z,@madathileruchi8110
Ugz_Gtz8XPf4lvMFRWN4AaABAg,Buy a toung scraper bruh,0,2025-05-16T21:03:59Z,@Giannis560
Ugy-XPkEfJPQLL4bwP54AaABAg,Barking dogs never bite...Pakistan Zinda bad,0,2025-05-16T20:47:32Z,@mohammadnazarsaeed6630
UgwHFFw5kD39vJTRKGd4AaABAg,प्रधानमंत्री जिंदाबाद प्रधानमंत्री नरेंद्र मोदी हिंदुस्तान जिंदाबाद,0,2025-05-16T16:48:36Z,@Sadanand-m6i
UgyO-a-OCeKg1QUFA214AaABAg,😅😅😮😮😢,0,2025-05-16T06:33:21Z,@Murari-o4y
Ugzb-mZq0Kzi6PnDltl4AaABAg,thanks pm modi ji,0,2025-05-15T10:06:53Z,@deepaligoel4378
Ugw_aX1M864YoM9m1ax4AaABAg,"One thing i will say.. All this money, hustling , entertainment, ipl, Bollywood, everything is zero without a strong defence system.. Indias safety is in danger.. better we realise that as soon as possible",0,2025-05-15T03:40:59Z,@tiscachip
UgxfCkkwxpllMRBnSq94AaABAg,Man of words 🇮🇳🫡,0,2025-05-14T12:49:17Z,@Cayden1610
UgwFUemyLChPWdBzo5l4AaABAg,🐕‍🦺🐕‍🦺🐕‍🦺🐕‍🦺🐕‍🦺🐕‍🦺🐕‍🦺🐕‍🦺🐕‍🦺🐕‍🦺🐕‍🦺,0,2025-05-13T17:21:11Z,@AwAw-s8v
UgwIivUXm9pnerUW6Cl4AaABAg,👑✝️👍⛪⚓🇲🇲🇲🇲🇲🇲🇲🇲🤝,0,2025-05-13T15:40:30Z,@FLalmawisang
UgwaPc_hpuPdvIMp_LF4AaABAg,👑🤝✝️👍⛪⚓🇲🇲🇲🇲🇲🇲🇲🇲🤝,0,2025-05-13T15:39:38Z,@FLalmawisang
UgzuhzvOfC_jA9mTL0F4AaABAg,Looking back at this after Pakistan kicked his military's ass! 😂,0,2025-05-13T03:57:22Z,@jaykay8295
UgzHCZuF36PEeV09CjN4AaABAg,Lanti joota besharm moodi,0,2025-05-12T23:25:12Z,@ArfanHaider-d2y
Ugzrwr6MaT0j3yL0OU94AaABAg,"Very nice speech,this is the real spirit of pm.",0,2025-05-12T16:29:30Z,@AsifJeelani-y8g
UgyKYMHia77Gt0H6Qe54AaABAg,ಜೈ ಹಿಂದ್. ಜೈ ಭಾರತ.,0,2025-05-12T15:59:12Z,@upendra.nayak.k2615
UgzVNb1rXuUWrcWHfV94AaABAg,🙏🙏🙏🙏🙏ಜೈ ಮೋದಿಜಿ.,0,2025-05-12T15:55:21Z,@upendra.nayak.k2615
UgwRnNmS1fhc6YFsUpp4AaABAg,Kuta dor sa bonqata ha gudar 😅,0,2025-05-12T06:52:31Z,@ilyasjaffari
UgxsGWMcuzKOid1wRgB4AaABAg,Jay hind,0,2025-05-12T06:03:53Z,@vkikumar561
UgzAK8W6OQX1P3zGslF4AaABAg,"इंडिया

😊",0,2025-05-12T06:02:58Z,@vkikumar561
UgzB8LrxQRUc1oVXZRd4AaABAg,Challl oi,0,2025-05-12T05:20:48Z,@SyedwaqarAli-u6w
Ugx2c0jcAent8-0YrHV4AaABAg,Mat kar oi,0,2025-05-12T05:20:08Z,@SyedwaqarAli-u6w
UgwnnkaXveX-RYr6qRh4AaABAg,Juth,0,2025-05-12T05:19:54Z,@SyedwaqarAli-u6w
UgxPg966HEq4WMzVVP94AaABAg,"It’s a disgrace they tried to bully Pakistan on false claims based on their imagination without any evidence. Modi can’t be forgiven, many innocent people died in both countries just because of him.",0,2025-05-11T20:09:43Z,@Haanjii80
UgxHPEhFdIt32ih5OLZ4AaABAg,"It’s a disgrace they tried to bully Pakistan on false claims based on their imagination without any evidence. Modi can’t be forgiven, many innocent people died in both countries just because of him.",0,2025-05-11T20:07:11Z,@Haanjii80
UgyBjIE6kC686K6CuhZ4AaABAg,He is the terrorist who did this for votes,1,2025-05-11T20:01:52Z,@qandeelnaz5735
UgwM5m0FKpECDLtVkvl4AaABAg,Rafale😂,0,2025-05-11T20:01:15Z,@qandeelnaz5735
UgxW3c4MYak0xIrl0Jh4AaABAg,😁😁😁😄😃,0,2025-05-11T18:46:32Z,@SanjaySwain-h4e
UgxUDVg0wX-Wuz1UrdF4AaABAg,Khoty phir band kyun ki Jang.,0,2025-05-11T18:32:53Z,@ShaistaSaud
UgyUeu5emAIF0Lgjeph4AaABAg,Maniye Mantri Shiri Kirishna Gaur DidiJi Jibdabad 👏👏,0,2025-05-11T18:20:42Z,@AmaanKhan-b6w6j
UgxcmXXgNgbqDbuuej94AaABAg,Kitne dogle ho galat news chala te ho ai se bana ke apne nikame fojion ki kamal ki video baana ke dekhate ho but Pakistan ne kya maza chakhaya hai 😂😂,0,2025-05-11T17:59:06Z,@Danllly123
UgxEiThuk2GCr-QnrL94AaABAg,"What a joke?
😂😂😂",0,2025-05-11T16:05:59Z,@azeemulhasan3498
Ugz423Q0M0WxlfGi6Rt4AaABAg,I love you sir❤❤❤❤❤❤❤❤❤❤❤❤❤❤❤❤❤❤❤❤❤❤❤,0,2025-05-11T15:35:21Z,@AyanBauri-t4j
UgyNM8kNTykNXu5fc_J4AaABAg,Who all watching after Operation Sindoor..❤❤,0,2025-05-11T14:44:58Z,@alappuzha9
Ugx18bFtYkqvaU1vGrh4AaABAg,पाकिस्तानी लष्करो पर विश्र्वास मत karana,0,2025-05-11T09:50:32Z,@Shree_Ganesh237
